Id,Label,Group
0,e923e477178dff16511d3959ce7f33eb084c0043ec457e6687e93283ac0cc559,Source
1,84bd683a4436b947e56f8c385ec14c0a25e81b99a1ba3df7ff657932677116a0,Neutral
2,c9aef01c96f945249df329b700839e709abfac4d5d04b156eb539b63fc7c61c1,Neutral
3,b3cb6950d883bf1ebd6cd2a4d79eac12c7689d2ec25cd0874cb73822ff34c30e,Neutral
4,3edf6ef8d1e850f405e359c945dc0452026b43440e561b2119c82e95b5e58e49,Neutral
5,ac74fc152898816a1b6bd5261010903821d5fabbffab0fb3ecb32db3aadbe8a3,Neutral
6,e1910c9b19420d46e5d24a7cc7338c2fbfd1fd0dcb466352ebe6977e12a14c6c,Neutral
7,5b970b1a1ca8a5f28ba8933dc7b5e894887c3e64335e93ff86be19b597379062,Neutral
8,ea79edc1cd8f8f132fa61a96727cd903ff5f056a24a0607a0459b69338966120,Neutral
9,de3731b35fa44c8d511d503d69c4a4e31451c8d103fc60c6a5169dd96bf6479f,Neutral
10,8b8a4a05c1d1933f2e09b2b40c66552fc9e3fa908ed10f4f14832b7aeb9aece4,Neutral
11,3baefcd8ff3a4e0d1ad4721ffeaa2c77d032b47dce6ee2aa918d24e1fc3a0369,Neutral
12,021258dc3c5319bd3b7e31d6862453130c294df518c89bee32d7fb07b7712b01,Pruned
13,0b417922b1776a404cf4f6da3c12be589370039d5dd7e4caeb8a0ce75551d401,Pruned
14,e3824e4ed6eb7f4efe95fd3a926091ca95545dd57ec5f1df00b9fc68594b4d00,Pruned
15,bd0b73aebebdb3dfe22e99c72398f94e16b5e946bb702ac2ea27ab5200f50f06,Pruned
16,987e3bf711c3612ccab205b2a1353f0c2933a84d2c29e784cf05189c4efe5b0d,Pruned
17,f984437a301dd9e26faa724fdc195185a23bac64a56d76c0e4fdd560ef013208,Pruned
18,3474e15aefc80ef91445600b339566f358aeb134c27771f7ef0fbc9c4468c50f,Pruned
19,897b4e0aaf5ea90cf12aaf0ec833638b3396c5ca0e6c3d746b5775fafe44ad10,Pruned
20,b14c85d09099e36a4271ab7482b52fa14644f1de6096bda195d7b8c8bf22bc10,Pruned
21,9d788e409623ae9be7ee9ab7b8ef906a51dc6b1ac9fbbf257c74177081200712,Pruned
22,0eb9f9ee8ac2528d4360ef67d9cf583a7b8eef0f9a1d92645c9e0a93612e9712,Pruned
23,49831690e0f76bff01f41266ffcf702953c637d0c783b26eb829d195eccc4d14,Pruned
24,66ccbeb2eeb66ec0a241ed4a7a23944a9d5e83f13d91f5400e49088e61470915,Pruned
25,1d82f20df47300dd9d3fe9c16f9607acf27015439bf292929b183b0af850d505,Pruned
26,c1e1f668f9b15b20783ecf4387d484e862f1dac8a70b3418cc4a25efdaf77317,Pruned
27,4bcfb50f3ed5fd6b50245f1b0f528a5c345a212a2cc0d9b3f75f3218e369231c,Pruned
28,0acda4726780aa5c8a77b6df0dd20e1dcda6ef1c7c7c16e4740a5e2bf51fd81b,Pruned
29,642fb0ba2910ddc62b2d70542430df97afb1bb3e3a955b81bfce2597e768231e,Pruned
30,51b542380bfaffcce2c8301341fdcd0d449624ecd92dae041b8945bb41bdbf1e,Pruned
31,81597f33f1e6e2729c186ff40f1958f9e043d3889b7cc30f195c25979b879621,Pruned
32,64ae551489e7104b45fe00c533db5ee41c87bc12fcecb05be7746e78b208ca20,Pruned
33,4368afe497a2e5bc49a14083ebe9b5fcdcc97e943e6530a4136e5d2bb0960922,Pruned
34,98b32a9957f3194b624d18ba27d1282bdf2ea8050af9e174f6d05f710b3b942a,Pruned
35,daa0c62890ea7c9035a263683d3770522bb1d3f950277958a9dc083bea3ed223,Pruned
36,28ada4d633eb2facfd9971a99ddd8fd4bb892aa25f75d2350bf3e82f0476a32c,Pruned
37,69bfda462ec1d62bf18eeec8a485c3321dab9d88b96ee5853e8d52f403f04531,Pruned
38,0c6847ec906c203fc7994f549694fac2090d5522f148f1d37e58c31a1ea71b1a,Pruned
39,53f1294f6a3d749ecac180fd025e221bc6d08d27baf951039171c790f7a0441a,Pruned
40,ae003a0583b4a3fba9e6ef33be11aef2885e686ef67232c604ff03b2bc81f727,Pruned
41,bfaf740f7a359582faf8825273e57b6f1cfb68807e3f26a6789d748e03f54c2e,Pruned
42,afe8985865b58f1ea1046eb7b2a47ecec8cc6c5a5fc4ab32087a9a9a17db3133,Pruned
43,39f5c6ae246323b431024c8c7c31a9ff5a0a32d6f8f8b60c89232830f56cce34,Pruned
44,885ff681c173e1404fe857d75f2af7d7356916b15aff5ddc4f28d4d1ae40c335,Pruned
45,4d6f34533e5c8a9af8dd6066d4d8e7b0ad2e0eb35b7f17d7a49407bd72687639,Pruned
46,6803478eb39951b0aa01201e8a2ebcf34c3fcac3de2daf4bdfc80593121b4c39,Pruned
47,0f1bd4fb3d4b88f3578725ecb7b2de8ff47062efbba23e70e57fe6b69a48df39,Pruned
48,1282e5c1d4ad053838dd5351ad0a98ea6c21d42d4285b663dde96d532924b13e,Pruned
49,36d224e9b5f3f4c28cc99af3147cb211e8deb6e294ca346f12f89cefc3a1723b,Pruned
50,412448797d6bf91f266592a7052065a2f89059f7efc17ff822b8013ca8557340,Pruned
51,ee1e4d7dce0ffc348f55b35edc695ca9de7080da593884bad3f3010df9ab5041,Pruned
52,c2036fc318267906e5ecb92516cc5eb9552acba16d5456dbf6255f6a7342a945,Pruned
53,46260048ac9d6466a6fe3acb53bf20c12f6128da05aa309bfd6be2f7c4b13844,Pruned
54,fba7ddd0198e11a9659fcb3987b4bfaa68760589d6cacaaf8791db5208aa7b46,Pruned
55,bd8c444b04986b4268800f0efe7d8a329887e66ecf4661a01767980db4335949,Pruned
56,c7f626064e3e5f8f9b6f7bc867684ec665a6e035c3ec5d9ccbf4f02c6e960b42,Pruned
57,bd000924dd7b7811e3338ec5233425f35618322f5ecbf8e1d6a36f1dbec4624d,Pruned
58,eef3ada10e2192f52f4ba262795cf7512742cc18efbe33f01a5a10aac34c493a,Pruned
59,4675eb10a89870ba4cde75c4a43cbe73c055ca426671989cab915ab978f7b957,Pruned
60,80fa577324728f9c9463ef82ffee617a2d839e365d49e5d9d6a150ad13fc7463,Pruned
61,e6ac3bdd735c441695531f3ddbc410bae22a0b7d6ff5d1134c9379a327c6c15e,Pruned
62,e8541d01a497e6ac8a5178015ef00946bff0528c7cb05227e07cbc71efbbf054,Pruned
63,0d5c50a9ac01ea62b8a2767cae003f16d4c4a8e877dec437b077817d6f931468,Pruned
64,f743530c1f9458f1486bfd12adcb3075e586cd55afc7d6d23a4cc321b759c068,Pruned
65,9928db2f9be335efdc4d28ce0aecdb9590e860cd54cf2d55955564a9acf73e59,Pruned
66,c06628f4f9e1c8d4468b4b573841a6d2e6af0eca07dd83f72441b63c8889f071,Pruned
67,cc00f97b1f69588a6af70e32b82faf9cdddd0affbf641af3cae1340d4196f84d,Pruned
68,ff9b0872ecf9616e2981fd7db01f6089504b6900a42ca3c9ff53b1f94583aa57,Pruned
69,4f30e3798393e42d4645e3e7a52ab5035a033b5e6ae9b96535bb48f715fce879,Pruned
70,dd38e2e91a26b3d31a36803c1ad1bf197ce6f7b9e822b869c268feef7726807e,Pruned
71,7269708372b1bcf8476940cfe91047ce83d55fb178b4690f9391dcd3b02da97b,Pruned
72,098a91556d382245d7dbb80fa90e67398f68a4b600f9478ab2df084269f1ad7f,Pruned
73,a81e88294236bc8b0214a33ef45e25332422606878e8ae4e34ae452ab93d8d78,Pruned
74,b34ed23a549935d77b8b417555f968b6c939685622679127947b136732ab8470,Pruned
75,b5b76d7f65a27705adfda29e1ade1eb1513b6e9329df3b261a6a859cc5be0180,Pruned
76,e656fd34e2fea5766b9348f042bafb18cafd4a09d5274bb6c76b79fe8810c986,Pruned
77,7312ac1c9eb6ba8eebbc2634e9f4f655846115aa2a16d6366eb4b221d2170482,Pruned
78,deec66bafd921c808883c733ed7a589d4bbf4792a3d0e07c33078cbf39494f87,Pruned
79,60ddb1a41f5ffc828df940f378e864d67c262c44441791e87c778511dbbc6888,Pruned
80,bfe91e37013f6ae3857b019530207279c050a59ebd323ee9d7ce7c4c09758c88,Pruned
81,919383241269be8a5f238518a3531ac3d566f12974a623929637b912020ca655,Pruned
82,d33314d9f273833f118aaa19397f8fa5e8e1d867f9654ddc109e069b3c165c8a,Pruned
83,41255b9394b0503fc4d9af71faaa57e3a645b15e975c312761d803029f57798a,Pruned
84,8f7ff2a98eef2ff7b133f11056738f86dbee3d5650e55d67f522202c1fa50b8d,Pruned
85,e4a8aa35894df853851bd9ecaf08795005f44cc39c9cbd83dedfb846e45c208b,Pruned
86,c13878301cdef9b49158375cd50b6810f849e3c27b82f28c945538c91d55088b,Pruned
87,3c92b74d167ddc63975e15393406db2103133e80f5fdc9e71a489e9f1dd42982,Pruned
88,c0c332dc02f45ff622c632453f0c22b0c0e118d4a7ebd9f28b5938a7887e718e,Pruned
89,6d971e1dbb3a620eff84775b5144e983eb36eb56855bc51f649c0d29e947c48e,Pruned
90,b2028c806802b1741643beaa606132d133db5948cee2047baf0d987a5cd47a91,Pruned
91,5a51272479e7bd01dab724a9631ce590f8bf313fbff45d5f8ba3f979be3c4897,Pruned
92,4c86f5119070c0b56c743562f16ae2d9772d59a022428d844d5e19ed764acf93,Pruned
93,a8007a65a39b7e965ef7a7a72cbdd7112badcfc5361f3d010bffa5f318007b9c,Pruned
94,88e04d0e1628da3b621ac9df859afdc2faa566d12f520d5525081fbe58b33b98,Pruned
95,50b72fad6ff46c19eed22f5adb1e0e22bc94e0e48b940ebbbd8ccdb909e754a4,Pruned
96,9ac1b02d206d29cd646d0fc18f956e9573cf52d5aadd61c6e3deb76657c1f3a8,Pruned
97,b67304b1b70df0620de1c5cd4a9dc3866a4762d747c9e3cbf2107bac200eb5a8,Pruned
98,7ecb137df1d17b6807e89c44de51b7bf2ca3aab4b70c251fd3023c81cdedc6a8,Pruned
99,b3f0c64923ab7d2da78f613ba8a201a0d626195855060968f77cdc1f3a0390ab,Pruned
100,f8ea426a2cca86a1f0532cef008115655f890e3670c5b9fe779706ff83ac1c8d,Pruned
101,740274ba4cfdde12bcbb63abaff57d5f29173af31c20809b01301ea0b8d76e9e,Pruned
102,815150237e0f76c9a6b2e3c98900fc502fb843b069ba381223d62aca9ae9e5a6,Pruned
103,53708d11e4ebe8c539d31d32f675c8d5b7c5e2ba275cc47de4ce96b25171c6ad,Pruned
104,db2b5f62d896f88a12809a15687659292355366229875b33d910294b188384ae,Pruned
105,9017135035f68c3cec57a5616e52b7bab91b085e6e3fa633595e1bb04419bcb1,Pruned
106,65de73c3d2e7655ea56cb958451985d63bd88f445c9fab17a09bf8d5b7e401a8,Pruned
107,ebcf90e0b4f7f85d2a3a416ac31f13391f8cad2d4b1f73549306bc98769601b5,Pruned
108,efcedab887f566652b7862a9d9aa19bfbfc18903b37f93cf3b0155bfeab158b6,Pruned
109,3ca3730f46f44c093ff9d6d19cda350260c69413ba8ae8dd2f5fd337419803b5,Pruned
110,8cd77d4a7f3986455a84e630eec38cc1f8cea77c9bcbadff7184f197457420ae,Pruned
111,f1556015e94b93670360278909cfa59e4ec102e9964c7e4b022077cfdf050eb4,Pruned
112,93e1f10e60a02250c0c59ccd6d8c53b58cfc28d0c9ad9137d9c643012938f0bd,Pruned
113,5deea13d5bd5ff89531b74f35871afbe2b861100f5159e3b502a2293d215e2c5,Pruned
114,bf46e4ad38b2de47532ad63a8d0be9db8493be342fa3c3abd8afc77a37fd59c6,Pruned
115,52a73e969a558f08e233715512dd485cddac8e1125b50237d3aa75581ba0f4b6,Pruned
116,ee11cf8d089b1ffa30acdba2bdc152f1177ec66edab0bda0f3ebf5ed64215dc6,Pruned
117,94e00173245f2fb90f9fda100167e8ba219c15a54302fdfab0c792538c895cba,Pruned
118,8f4f2e570c857bd7e01506cfc5f1d250aabc346188f2d983ddd2c4c2128d8ec0,Pruned
119,75e1a90cc4dc567a3990bdcaa875866706fa01902c080bb6ce27bfa90ec2e6c8,Pruned
120,97bd43a2b3347d91ab66b5a2747fe7547d6cfe3985fc2b6653570108f74c67da,Pruned
121,38489854e4bfb2dbdb9e3fa46336554aeef03fb9f05c70f11d5a0cf390e82bd2,Pruned
122,c4c78462df7d11c1e2121a0f39593b4fdf5d8a70153ca2f41766630d5b0b50dd,Pruned
123,8f60d5e5e559f01a6a0dd26eaec98d58d91d1304bbf6281999325c13cec8aadd,Pruned
124,6d7c41fdcb519215b73663ee09c0e9c8322722c1c34d47de639f81b39ca191df,Pruned
125,218e7058558be7a24b2db0aac382b14d0025a6497030cd94137fd2e5939f53e0,Pruned
126,d660f70d530e90f2a13a71392b459b9449c3a1c212f6da1d3d03e55d8e1cc9cb,Pruned
127,3392afee14226956c263bd6b21a5756ebd799af5de4503d93bebb82512f0e8e3,Pruned
128,a264f7ccbaa5a40cabd2e5d8f01ba4e236dc8cde7e46129e28d3b2e2e88386e9,Pruned
129,517c28935859c3cccb0d876d1380176ae90c9f3f281b01560dcbe54fa873cae0,Pruned
130,799b9f42dd44bc6046a974c9a5bdb50c9700818731802fff2d12d78f0c9034ed,Pruned
131,a8ead4a730dc637377f013e2d9b90b133aba87ae0155b87d492543fff2a476f0,Pruned
132,16fdc6af1285fc57b6e7cf9e19a588eaec8cdd4d0b7aecd02aad1dc326b6e3f0,Pruned
133,d3fe54e52244c6a70091f962e70b59c9aa346bf17dcc9752824c9f6e5a9efaf1,Pruned
134,ea2b3c1f5157d10d69a4d008d5256030ac728614ef8d7b560816cb4e53da98e3,Pruned
135,25cb5dfc73fcf242caa3b455ebd449be29a4d0e8d35c3c66f7769e118e610afd,Pruned
136,ca99df25e259ea673dee48b0e2e1b07c0d08433e9b80deb4fb3b882f6119b8e3,Pruned
137,878f9b82d68c5cb21dfcc806eabf15020fd751aabfe36ade63057d3ca76278e5,Pruned
138,881f6ff0ddf05563ef510a1e60e7cdb4982cc0173a8373625f4744976a33b8fe,Pruned
139,9cf3a02f910acf94f1a9c2bad4806641eadece7ae31af5154d0423006671f0fd,Pruned
140,1675e3420388df9975ff684bd6ab21d4a6b4c6a7034fd924146ed1b0063ad5ff,Pruned
141,6423e3fb947fc699d8e9806fd1481f944fd3c42fa580557645aee45fa55ba201,Pruned
142,5d8c9745a752b98aa44fae76c6ffd35e01118986dd57724f0d30d03d22488502,Pruned
143,d06ad9d81dda29d40a9b1049ffe131ddf5d9d828587fd423b24eb554406e4c06,Pruned
144,ed4d91a50ebc79ccae6a219be431153e14311b14816595b8c747951084fa0408,Pruned
145,766834ed1cdabbb4de912ddbb3cf034a416a3d1b1a6523a97015286a32975408,Pruned
146,6e5a367bf2f16e45cc5f401c025c4e65c5aef74c7685ac78d5bb6c025ddf8f05,Pruned
147,d59ec25163810a3c44ead2042b7413917ea3b615e5256c471b4a60617e62f508,Pruned
148,27507469579e57d23876da88c2f909fc27f9c62a9279e6c9dd51526e2491e209,Pruned
149,1b4632bf1b30e83cb0f761c5fbb495d8532965885e94519f3f90f23c7bafbb0a,Pruned
150,545815c14ab54c19f0727046999f082b4a741438987295007e7f034ed7e4620c,Pruned
151,4f5c995d925cb3f88ca6bbc29d043e4f4f1860655516142108514cf4362b4e14,Pruned
152,7fa2a553b1cbf751c592b261a9f7dd072cc09cf056be678ca3867cf50c8f3117,Pruned
153,abb1dfbbe8feb158417f090c4d3a608921755577441a5a7c488db0c793957418,Pruned
154,933cb2378c9e79c3c0bdc20c723b0065c77c0551996a5fe9b13f9c61c1f6d117,Pruned
155,220764c3d76bd0ea17c9c38896bfc0e2f01e058c2bd9d7b75c8dcd51106c9c18,Pruned
156,2dde2efa5fbc43e7075942aff192d6b6d85b8addae1aab9427302f8056f4c61b,Pruned
157,606368c87f2503bfe33eca2205f7bf4955925b3c3a1fa72e3fcf16470c11211a,Pruned
158,391a350ffb4069e8beb394238fbb85e770fbbb6295191ee9bf2c8772662c5d1e,Pruned
159,c31b1b40b955581c13362d26799716ceb58b3241e052e5b2cfbe61811c79eb1e,Pruned
160,8e724f24567fd2d47bbabb7d01d06535bbfc2d4fade3e7df65ff7e23b980f820,Pruned
161,2ba62a3daf140fb7ff9bc808174f17d247ef2abadca5c79a9f77b50036a63421,Pruned
162,f9efa3255100860e441764f099388fc588a5e908424ba4eb6058b53fcbbf5622,Pruned
163,75040b7d1a5731d9cdaaf8bce796b7d6a087bc4290b96c3b5e2883ceefd14a24,Pruned
164,35d4c2eb3edfe912b391772fdf08ae39c1483cdb4845c4ace7928a927cdfa525,Pruned
165,f55b00d568deb2415ab2961b1274c14c651b4f14ef326377d372ee643916b224,Pruned
166,d83a7bf04f2c7822c9fcc1afcefdec8fa8593c23fee8c86bf372c075caad0d24,Pruned
167,3a5a61753025d8c9952d9085e2a4af240c6e656cb396e654a910048ebd7a4f26,Pruned
168,3206efbaea8bee295add2eca8a579ae1692db22797a300ec0a9cfb7b8957e428,Pruned
169,e4e255b29985269780951d0f19146c3bedfdfa71754629c5c1e74f4a4bc11329,Pruned
170,df483dc6892df9f1c599366da9cb2349d82dc3078ddf4679fe56a99bccf81329,Pruned
171,ee45fe6f801dc4444310c4707e13bb3a026b8425c6fb18f50fffd3fd67561e28,Pruned
172,4bd87e8f66085ea36f1d397df357ddb0e34b6a13321f9c3da553757a010a002a,Pruned
173,eb8ac91f837484c13db148ddc1926a8a6f1bfd8c2015ae1b9ff0734f24dae22d,Pruned
174,4bfb17d474063ddb5bffbcaec26443570f5436caccc85ca8d1114211b3dd252e,Pruned
175,04561a4f7ca4c420a57af0d07341ed742dc4c61a8d040734e2f0a867b69b572f,Pruned
176,884eb88cd07b98e2153bf820fcc61855fc48ec94184fa95959c474dd126a2433,Pruned
177,7ea354e81d1c16357686317b9cd10ca0e48c51e2a5f5f4084451fe1bbc8f7e35,Pruned
178,698ce4521c503509675003893ebbfb5b94e19e6143a6ea066c70e542a842b032,Pruned
179,2f19fa46078c9c61518b1bf4579d28ac6a3897a0b22552e9b00c521e35083637,Pruned
180,11d352bec11e69dad974579c2946cf5a71c78367d030e4c1a9adf7c63e35b337,Pruned
181,c586907b3b4833d544a7f847c789f87ae28f21464257aac3c04b1ff7396b9e39,Pruned
182,f2bc72e638514af84f05e9cda57addf697caa91c028cc184a503910887d6961c,Pruned
183,4e48e80259e7eb7bb43bd9be09551c02218c504819a4445df992c8f98d652a2f,Pruned
184,286a177941de26c20a3c6a7e5dbdae896a211ac3c70c3153f6fd44446f7f273c,Pruned
185,3115fa91669d89e108ae21843b02e6a7d0224f7af9fd80e48501c01c7d1af73c,Pruned
186,a3330b149f2189d4d8fababdbb4a08b09e452dd89188b8a16bee918f9d743d41,Pruned
187,cffaf2a1a6783b183353e9716a7088e58e831f8e14066ce1a1326a8888b4b441,Pruned
188,6b3900493a1edece760f6c3077c5db9a03eb34a0dfacd60864c97fe3df3cdc3f,Pruned
189,b5a8592ade271b64e40053a76563adb0d79672bb432aa6e4b6803c54b5eb4942,Pruned
190,41bbe80de8e0b0e186953304edaf1aa6e1e8f2afd0a5ec0fdd5edf4da8cf8043,Pruned
191,8ada582c605343bdd83db57f263b910d1452bcb762e767a21cc3953bf73a4647,Pruned
192,321d7e2c185719aaeaa2df8cad1c39c8816a6c94a9eba29d95c1560f1266a143,Pruned
193,090381a76d27ceb7b6c183d098d16ec10363796547744ac0bfa8fdebee8bb144,Pruned
194,89fa2ab4b97874fad4e7be7fc3d822dda2bc19bce64182e1a3445c4e8a83f34a,Pruned
195,b622a4e5a4418868f450f8ef0b8cb2cff1a25bfb409851477d9e67c150d7374c,Pruned
196,7ebbe88b638ca754bffdc5fb02f10162b8fe6536f195dc6e0ff6c57484b76a46,Pruned
197,dbb8f3f1877d4667b77d9f69e97702711567c25496081a4c189dce1e3a30ee49,Pruned
198,dbb800e600a821fb59291607b7a5b0f837e1fccdbd624411e12459c725bc984f,Pruned
199,bac89865ee64b357b2e7d8649ce13c2c3921e982dfb341b1a786b5c4d7456c39,Pruned
200,fc18ea851ae2e83a27fdb71bbd1b4d5a8a2b1ccbd1f06a4adb1575e079d6b04f,Pruned
201,0268fb7f23106b019fb744383c9d8da3ad8cf1f474bcee097691791536c3b24f,Pruned
202,dbd646f49718a9783281778f40dbee75b817ff6f5566ff50ae58acfbe6bec552,Pruned
203,dd2210ab4336c09e650317ef3cbb2c2c9d2895642cb1d2997d827a7970883d55,Pruned
204,130a39e3008ec0c6f6625f01f33cf518b16775057df41e271c48a0c8b30db456,Pruned
205,a521a3813e18f3e00e41b194af50eba58fdb5a5bf8c2ce0ffd18de8d4df89e4f,Pruned
206,a8c1e6a40798f60aea7d84b5ffe8b2a9cbcfdf87e517e5cdf7729eacd6d53457,Pruned
207,7d24bb9b2e82b07d8f782f8c85a8a9b9b4e1fee3be82131092c98fbd10e63a5a,Pruned
208,205e0cd4084186f3a50288fe5df6b600af15c1b8a07b7f8c091f2129ad70bc5b,Pruned
209,d801a7ef22920ebe94e7c7ea604945964d22886e0a79458a03e3026b8494e55b,Pruned
210,907163ca15f99eac6c37c0e118bf50b083d4022bba24ba20c94d67d288558d60,Pruned
211,a9c4ec9fd4b4eb393f2ff4857f8c63036a494b2ad1a36dafea5a93253fc8d761,Pruned
212,8a52d941c8e26af5bd60b686ca275ed306677dcd2cc5ad7266cb4a825692c860,Pruned
213,8b1c1b2b52705d9ad7dce233e42251d93378df06a96a18c151c500b9e2fa1963,Pruned
214,55f4bec7a998ea5fd0a76134ff86e761d11987518f1835ea9abcee634ff7a056,Pruned
215,05df9e56b4bfa157e66a4b42f254951ac188aa97275e0061c171b5abbcfda064,Pruned
216,fbbcf537ec34c4528bfa039b4771f8f6883a58a56a89b392b5653655d8dcde64,Pruned
217,9f218841f6c28668beca91c40055547b60a50e9907c3a8d2ddb00262a4ff8365,Pruned
218,5a94b3547555fc6a69b236cb0d1e71d6908e28abf44fe0d0ad64ccd0dcea1068,Pruned
219,569553eaed961b5f143b7567d0a49f82ff701dfa581c8d6f7187a67911e9eb6a,Pruned
220,724d23aa58c522b0ea474316cf932332e379c330383266b819e2e19958ec926d,Pruned
221,19b346db16441444c2fea4e481b5873bf6273f3c7b8ceea5a7b56786ca99296e,Pruned
222,84521d79978e042987403aac8704bb256641b3b1c458e9edf4e872fe54fead72,Pruned
223,8868111e7de1081b59a4bd5f6f47bf1765db80bf4643162f20b826d27f40c472,Pruned
224,4d3b43ab8b0d699c57d8ff9bfb0862ebfed3428ff321024525575dd3c9e4dc72,Pruned
225,eda1790d20c5eebcc774d8a518d99995d6e8619fefdbac3545697a1451154173,Pruned
226,1ece9ac3228f949a9b935c855af067063389f1e6da5152375d9cbf9f67355b78,Pruned
227,2ede9946c9e8ea454994588f03b22675ad01716693e59245700f7b45d60b557c,Pruned
228,7bf59846f465529cd0a5b0c2d062e8bd13ed28fdbe4b35ca4b248765f062cb7f,Pruned
229,acfff9e85ebcf3e4203bb719083f89d919c39f5c2643a5d5ff91b61d8016f564,Pruned
230,678f004e5c1e92b2da5026c7c6cf3965f534bf66afc94a4a7fb1a322dd282971,Pruned
231,6243e994144f2b9f33ccad9f05b71590448ff1de98301b305dbb66d8eca06182,Pruned
232,3ce673376a63902b010559a33f5ef95a2e34224832d733ff585a402d6fcabb81,Pruned
233,cf41ef3b64271494d81c88c03ef22418503aef96fb48dacc7b048626285fa382,Pruned
234,f530be93301802f4dc2204e7fd4e44ecbc5688f5c3c6f7a2adf47f632cdffd83,Pruned
235,0d098ce0ac9c399a868b57eec855f4aa7b751e000ad6ddc51688bf158d313887,Pruned
236,4f16b221f7f45d5718a1ea92674297b052045a0ff80526cace16aa9581e86513,Pruned
237,9f68dd872a7a66a3dc78c0ba2eaee74b4861fbcf0b9b8c68db8eb5af3c1bf782,Pruned
238,497492afb18c45bf3dfb38051c803cc961e2f886696a248a8f8b77747d89a787,Pruned
239,09233fc262dde167cb348c32a51b3c017b49f054d59bb29b5242fda911488a86,Pruned
240,c85c06dd624a2a14ab4881fda015c9872d9c3037137ea53ddf738beffebd508b,Pruned
241,a589aee517b5e4eb3e5668a1e4239a2473c6c86833e6b556ffb92b254821748c,Pruned
242,79decf4b0b2ff5e1304c53a97f6acc86825ededf4ba9a7cab2263ab7461ed48c,Pruned
243,81c4a28ed20ef6ec12ab683d1010bc1f182d6bb2355b630ea8be61a116acdf8e,Pruned
244,62f56ed2b73f2787f1272f85cb8f9fe140f07425374a2d778c58cbf6c0297891,Pruned
245,2cb6dca813f0f63cdb17a8512a822315a2e1b6b5fb17871b3f10664028041092,Pruned
246,43ab99a95dfcd5d7f5d6b78a203c2e65761d4dd328855bf536f7c70aaf6ec992,Pruned
247,db6413d509fdf74ab730f2f7a674b35ff9a46f01b1d6b778b231ea3c49d67692,Pruned
248,3557c227f90e687a71cb1ac6a066004bdad6ba803896fdb911e0a25fabc4a391,Pruned
249,6f6b6879b7f68d66404c58d2ad014bbcc3f196d3d2b41aba0956d0512b37f192,Pruned
250,900ffda1155cde2941b3998336707fc5ece7db73ae8e0760923861c17393ac8e,Pruned
251,b9b02f3b12dc085bcbdeca55616846102a30f825f3f1bd803f1775d7417dd88e,Pruned
252,5e519f7f7e4f006f5e4e1b97fc05f2994863b2c181484c1e4bbd0fb918217593,Pruned
253,bb62079e094157c2a2cc0ee7d953bf36e0b47df91b3917ed011bb83232a13293,Pruned
254,6b61a310ae156216e3a315077d236b7d99e872280a15e0c44a9a6a134d98d895,Pruned
255,1adf0b748124d8252e07ea46ce7fb8853ca1280b1860e151578a50aeb1f3d394,Pruned
256,4cff9bf42199a4113f8a9bf528ab2d6a69ce75a8cd9c3496f14a72d7edfd1a96,Pruned
257,6800cd398ef98150de11a79c7bf3c66adeee574fdc6fe3687292155fa1580197,Pruned
258,4683c5b4c292451b2efc488e95db0256ba6140db82bf84746e3d7015ed5f3d9d,Pruned
259,d1a51a9018e85e4161b95d33212191a3cbcf2b535aa3ac50de9e053ac075fd9d,Pruned
260,73d72b122189d66c6caad673fd1fe22219e816147b7d17c0b3aebfcf6ee92ea0,Pruned
261,9b3e96a1a6c17cf1d378518eebffebeae4373e084cc452e41af2d2e3e88b90a1,Pruned
262,64d866863de706c9f07c409fca22f9ff0f3df767323c88e051a1f60886a354ae,Pruned
263,ea926cd4f74ff57a324716d75c8863e4c6eed666e502268be639f1b7ce4ac3af,Pruned
264,ba4f6e7f54a2e7a28acbd22f3936e02f50dbc1559c722698791bf16576bd5fb2,Pruned
265,0e623af55c076e6c52b4256b0e86720cb837f19891ec2074f8d002c417e4f89c,Pruned
266,f201dc7a92411a00d09ccd242168bf9f4f70226a11193ac8ab08b877029079a0,Pruned
267,7e261047653c57ce073d2462765b6361e2bbe09abc680e77fc25f3f27b4dd2a9,Pruned
268,01f790cd10f49c39081072670e4dd8f13edd8d68cdbfc95cde2933616ed4e3a9,Pruned
269,48549f84159cdae75cd3a5b3065828f5480d23f212ad14338eec0ed8f4e63ab3,Pruned
270,2a9ebee1cea19c31c49ed1310a8b841fae8944adcbfa9b212658abf785c589b5,Pruned
271,a7870e3ee50baaade9731272d76d2fee635d59261479cda233251418e3b62fba,Pruned
272,261fa2428f4610bece0c3f9fbcdcc0492ab8b1afe3ae64b9b821103e74c3d7bc,Pruned
273,bf0996347e15c5c682fa6865c36af2ade5ac5aa22a60d09a9506af0a9e9de4be,Pruned
274,2d38a810b999ae0dee3a5408e9241083a23992fa8206c282b5c680487842f7bd,Pruned
275,e3a8304125c2d1f4eb8e85fb91dac6813c25ec3418d67de2090cc4615ca753c5,Pruned
276,aeafdae9bea6d3fafd648b493f4d537e8f1b4b34bcf98fb12286a89cbebbdebf,Pruned
277,e04b89b682919d689bff0bc82c562c04ab33cd89ef66f9fa90fb8e2da297b3ca,Pruned
278,4cc3964ba58d876592e1d58ee9b719edcf275b1a3e2007949224f13f5a1bf9cd,Pruned
279,edccdc760cba8aac2e0496abe2baad79dfc0d0a1c8e57257502b0321e80854d0,Pruned
280,152865d5783b35aafefba3bb5188b191117871aa46918e9dcc6b66e53d11c5d1,Pruned
281,e0c4705e7810256c1ee1a3e9c7c3e5021a3d3fd8aef0eaab7ba15b5af41217d4,Pruned
282,073dba44a1885c6e84a16e1844b9fdff92fdd531acfed6f3956e79e11213c6d4,Pruned
283,8d6e3b5925c085766f9fc477fff98fb491dbc64ed95552f585f492ad4b2a0fd7,Pruned
284,79914fe9b60b2c5528295a813ddcd7502ffa7b3c3c496522e1236d73ae1eb4da,Pruned
285,2ff8347f81eaf179329a0074ee4a1e05d0b4d13bf9d8993e75c9a0b6e5724edd,Pruned
286,f787aef739ddfeda6e2bd8af84a1ebe92c536c93744632959d2c3d8e89912edf,Pruned
287,3b8a8ac7336a866373ee5cad4ea7a5ee3a5c296297d754cc8aa4cc147ecfbed5,Pruned
288,433d2437e7bded94c366816ac0d3ee8c88dd78937af91d0f9cba5d4a6d36c4e0,Pruned
289,1b3d2c5ee36b2a65bb552570735661bfe7e9fa291ac246d7c4f5598750ad39e1,Pruned
290,5095fc0c2349475cab1cd233206f1f9877f15c3ddfedc05717662db4d1371fe3,Pruned
291,8805f6e1da1c1dfda44eed94bf3feb8c97f95e7b0c3c880da10e855d10f88be4,Pruned
292,f5033e521291a3e5202d1ef84f4c6c9ff43fe72a685ca5b142a0ebf08314e9e6,Pruned
293,3d88f1b353c46d530f50f54fef164a9a6a8e61bb2841d5173aa37c718203deea,Pruned
294,3d503842c11950c91260e1ab614f486fa1fc3d259960f7bb4ab12926bcb41ef1,Pruned
295,183c9ea6404a60850bcc3178cfa46d998422288c12cdee01be73934cfd955def,Pruned
296,70bc0f989645633b2442fc138f58d01ca60dfab91649502ab291658c03894ff9,Pruned
297,33ef2d65563a463fc840c8074d00c3a06dcee3c39f373f38d7ed8845740dc2f9,Pruned
298,3780685ec78f443f926f4a2c7d30710067483c0f93415e69f64e94c1674426fa,Pruned
299,d447fa871161a141f42242e40732ead212a9f7fc05ef95c74b5c6b8469cff0fd,Pruned
300,4be9e94f0a3e34ca88d4dbc716e08ffc27add1f38e449f68773c0700beabd0fe,Pruned
301,9f3405091584dd7b3996fc2694208225bb92040331914a2e8e2361264054c1b9,Pruned
302,50c6f93aa50b1e28294bd2bb29fd7e11eeab60eee8eee3726e1912b71cfea582,End
303,c4bbee54c93771595153c3f2e0170b3870feca68f894ed70d9eb192411eccc10,End